风格名称,lora名称,lora_weight,pt名称,before_prompt,after_prompt,negative_prompt,大模型,训练方式,任务类型,文生图生成器,图生图生成器
Caricatured 3D,3DExaggeration_SDXLIP_v1,1,3D_Exaggeration_xl_1024_ip_image_embeddings,Correct eyes,"very detailed, best quality, Masterpiece, photo realistic, MDR, UND, 4K, high resolution, more details, masterpiece, super detailed","Wrong eyes, no pupils, Blurred edges, text,  signature, watermark, username, low-quality, moiré pattern, downsampling, aliasing, distorted, blurry, glossy, blur, jpeg artifacts, compression artifacts, poorly drawn, low-resolution, bad, distortion, twisted, excessive, exaggerated pose, exaggerated limbs, grainy, symmetrical, duplicate, error, pattern, beginner, pixelated, fake, hyper, glitch, overexposed",Realistic,,["Illustration Design"],SDXL-IP0.5,SDXL-IP0.5
Surreal Iridescence,Holographic_SDXLIP_v0,1,Holographic_xl_1024_ip_image_embeddings,,"Single entity, solo, high saturation color, rich colors, Ultra high definition quality, Masterpiece, best quality, soft lighting, 4K","Disfigured face, Multiple fingers, bad fingers, bad face,Blurred edges, text, watermark, low-quality, signature, moiré pattern, downsampling, aliasing, distorted, blurry, glossy, blur, jpeg artifacts, compression artifacts, poorly drawn, low-resolution, bad, distortion, twisted, excessive, grainy, symmetrical, duplicate, error, pattern, beginner, pixelated, fake, hyper, glitch, overexposed",SDXL,,["Abstract Art"],SDXL-IP0.6,SDXL-IP0.6
Mysterious Night,LightArt_SDXLIP_v0,1,Light_Art_xl_1024_ip_image_embeddings,,"Single entity, solo, high saturation color, rich colors, Ultra high definition quality, Masterpiece, best quality, soft lighting, 4K","Disfigured face, Multiple fingers, bad fingers, bad face,Blurred edges, text, watermark, low-quality, signature, moiré pattern, downsampling, aliasing, distorted, blurry, glossy, blur, jpeg artifacts, compression artifacts, poorly drawn, low-resolution, bad, distortion, twisted, excessive, grainy, symmetrical, duplicate, error, pattern, beginner, pixelated, fake, hyper, glitch, overexposed",SDXL,,["Abstract Art"],SDXL-IP0.6,SDXL-IP0.6
3D Pixel,3DPixel_SDXLIP_v1,1,3D_Pixel2_xl_1024_ip_image_embeddings,"3D Pixel, soft lighting","very detailed, best quality, Masterpiece, MDR, UND, 4K, high resolution, more details, masterpiece, super detailed","Blurred edges, text, watermark, low-quality, signature, moiré pattern, downsampling, aliasing, distorted, blurry, glossy, blur, jpeg artifacts, compression artifacts, poorly drawn, low-resolution, bad, distortion, twisted, excessive, exaggerated pose, exaggerated limbs, grainy, symmetrical, duplicate, error, pattern, beginner, pixelated, fake, hyper, glitch, overexposed",Realistic,,["Illustration Design"],SDXL-IP0.4,SDXL-IP0.5
Majestic Logo,Wildlogo_SDXLIP_v0,1,Wild_logo_xl_1024_ip_image_embeddings,,"Single entity, solo, high saturation color, rich colors, Ultra high definition quality, Masterpiece, best quality, soft lighting, 4K","Blurred edges, text, watermark, low-quality, signature, moiré pattern, downsampling, aliasing, distorted, blurry, glossy, blur, jpeg artifacts, compression artifacts, poorly drawn, low-resolution, bad, distortion, twisted, excessive, exaggerated pose, exaggerated limbs, grainy, symmetrical, duplicate, error, pattern, beginner, pixelated, fake, hyper, glitch, overexposed",SDXL,,["LOGO Design"],SDXL-IP0.6,SDXL-IP0.6
8-Bit Arcade,8Bit_SDXLIP_v0,1,8_Bit_xl_1024_ip_image_embeddings,,"rich colors, Ultra high definition quality, Masterpiece, best quality, soft lighting, 4K","Excess limbs, three legs, Blurred edges, text, watermark, low-quality, signature, moiré pattern, downsampling, aliasing, distorted, blurry, glossy, blur, jpeg artifacts, compression artifacts, poorly drawn, low-resolution, bad, distortion, twisted, excessive, exaggerated pose, exaggerated limbs, grainy, symmetrical, duplicate, error, pattern, beginner, pixelated, fake, hyper, glitch, overexposed.",SDXL,,["Illustration Design"],SDXL-IP0.6,SDXL-IP0.6
Classic Memphis,MemphisStyle_SDXLIP_v0,1,Memphis_Style_xl_1024_ip_image_embeddings,,"high saturation color, rich colors, Ultra high definition quality, Masterpiece, best quality, soft lighting, 4K","bad face, Excess limbs, three legs, Blurred edges, text, watermark, low-quality, signature, moiré pattern, downsampling, aliasing, distorted, blurry, glossy, blur, jpeg artifacts, compression artifacts, poorly drawn, low-resolution, bad, distortion, twisted, excessive, exaggerated pose, exaggerated limbs, grainy, symmetrical, duplicate, error, pattern, beginner, pixelated, fake, hyper, glitch, overexposed",SDXL,,["Abstract Art"],SDXL-IP0.6,SDXL-IP0.6
American Story,AmericanStory_SDXLIP_v0,1,American_Story_xl_1024_ip_image_embeddings,,"Single entity, solo, high saturation color, rich colors, Ultra high definition quality, Masterpiece, best quality, soft lighting, 4K","Multiple fingers, bad fingers, bad face,Blurred edges, text, watermark, low-quality, signature, moiré pattern, downsampling, aliasing, distorted, blurry, glossy, blur, jpeg artifacts, compression artifacts, poorly drawn, low-resolution, bad, distortion, twisted, excessive, grainy, symmetrical, duplicate, error, pattern, beginner, pixelated, fake, hyper, glitch, overexposed",SDXL,,["Illustration Design"],SDXL-IP0.6,SDXL-IP0.6
Tiny World,TinyWorld_SDXLIP_v0,1,Tiny_World_xl_1024_ip_image_embeddings,,"high saturation color, rich colors, Ultra high definition quality, Masterpiece, best quality, soft lighting, 4K","Disconnected lines, Excess limbs, three legs, Blurred edges, text, watermark, low-quality, signature, moiré pattern, downsampling, aliasing, distorted, blurry, glossy, blur, jpeg artifacts, compression artifacts, poorly drawn, low-resolution, bad, distortion, twisted, excessive, exaggerated pose, exaggerated limbs, grainy, symmetrical, duplicate, error, pattern, beginner, pixelated, fake, hyper, glitch, overexposed",SDXL,,["Abstract Art"],SDXL-IP0.6,SDXL-IP0.6
B&W Drawing,B-WDrawing_SDXLIP_v0,1,B-W_Drawing_xl_1024_ip_image_embeddings,,"Black and white pen drawing, everything is black and white, rich colors, Ultra high definition quality, Masterpiece, best quality, soft lighting, 4K","Excess limbs, three legs, Blurred edges, text, watermark, low-quality, signature, moiré pattern, downsampling, aliasing, distorted, blurry, glossy, blur, jpeg artifacts, compression artifacts, poorly drawn, low-resolution, bad, distortion, twisted, excessive, exaggerated pose, exaggerated limbs, grainy, symmetrical, duplicate, error, pattern, beginner, pixelated, fake, hyper, glitch, overexposed",SDXL,,["Illustration Design"],SDXL-IP0.7,SDXL-IP0.7
Bedtime Story,BedtimeStory_SDXLIP_v0,1,Bedtime_Story_xl_1024_ip_image_embeddings,,"rich colors, Ultra high definition quality, Masterpiece, best quality, soft lighting, 4K","Multiple fingers, bad fingers, bad face, text, watermark, low-quality, signature, moiré pattern, downsampling, aliasing, distorted, blurry, glossy, blur, jpeg artifacts, compression artifacts, poorly drawn, low-resolution, bad, distortion, twisted, excessive, exaggerated pose, exaggerated limbs, grainy, symmetrical, duplicate, error, pattern, beginner, pixelated, fake, hyper, glitch, overexposed",SDXL,,["Illustration Design"],SDXL-IP0.6,SDXL-IP0.6
Psychedelic Illustration,PsychedelicIllustration_SDXLIP_v0,1,Psychedelic_Illustration_xl_1024_ip_image_embeddings,,"psychedelic, high saturation color, rich colors, Ultra high definition quality, Masterpiece, best quality, soft lighting, 4K","Blurred edges, text, watermark, low-quality, signature, moiré pattern, downsampling, aliasing, distorted, blurry, glossy, blur, jpeg artifacts, compression artifacts, poorly drawn, low-resolution, bad, distortion, twisted, excessive, exaggerated pose, exaggerated limbs, grainy, symmetrical, duplicate, error, pattern, beginner, pixelated, fake, hyper, glitch, overexposed",SDXL,,["Illustration Design"],SDXL-IP0.6,SDXL-IP0.6
Bold Collage,CollageArtworks_SDXLIP_v0,1,Collage_Artworks_xl_1024_ip_image_embeddings,,"rich colors, Ultra high definition quality, Masterpiece, best quality, soft lighting, 4K","Multiple fingers, bad fingers, bad face, text, watermark, low-quality, signature, moiré pattern, downsampling, aliasing, distorted, blurry, glossy, blur, jpeg artifacts, compression artifacts, poorly drawn, low-resolution, bad, distortion, twisted, excessive, exaggerated pose, exaggerated limbs, grainy, symmetrical, duplicate, error, pattern, beginner, pixelated, fake, hyper, glitch, overexposed.",SDXL,,["Abstract Art"],SDXL-IP0.6,SDXL-IP0.6
Colorful Felt,CuteFelt_SDXLIP_v0,1,Cute_Felt_xl_1024_ip_image_embeddings,,"rich colors, Ultra high definition quality, Masterpiece, best quality, soft lighting, 4K","text, watermark, low-quality, signature, moiré pattern, downsampling, aliasing, distorted, blurry, glossy, blur, jpeg artifacts, compression artifacts, poorly drawn, low-resolution, bad, distortion, twisted, excessive, exaggerated pose, exaggerated limbs, grainy, symmetrical, duplicate, error, pattern, beginner, pixelated, fake, hyper, glitch, overexposed",SDXL,,["Abstract Art"],SDXL-IP0.7,SDXL-IP0.7
Impasto Comics,ImpastoComics_SDXLIP_v0,1,Impasto_Comics_xl_1024_ip_image_embeddings,,"rich colors, Ultra high definition quality, Masterpiece, best quality, soft lighting, 4K","Multiple fingers, bad fingers, bad face, text, watermark, low-quality, signature, moiré pattern, downsampling, aliasing, distorted, blurry, glossy, blur, jpeg artifacts, compression artifacts, poorly drawn, low-resolution, bad, distortion, twisted, excessive, exaggerated pose, exaggerated limbs, grainy, symmetrical, duplicate, error, pattern, beginner, pixelated, fake, hyper, glitch, overexposed",SDXL,,["Illustration Design"],SDXL-IP0.65,SDXL-IP0.65
Impressionist,ImpressionistPainting_SDXLIP_v0,1,Impressionist_Painting_xl_1024_ip_image_embeddings,,"Single entity, solo, high saturation color, rich colors, Ultra high definition quality, Masterpiece, best quality, soft lighting, 4K","Multiple fingers, bad fingers, bad face, text, watermark, low-quality, signature, moiré pattern, downsampling, aliasing, distorted, blurry, glossy, blur, jpeg artifacts, compression artifacts, poorly drawn, low-resolution, bad, distortion, twisted, excessive, exaggerated pose, exaggerated limbs, grainy, symmetrical, duplicate, error, pattern, beginner, pixelated, fake, hyper, glitch, overexposed",SDXL,,["Illustration Design"],SDXL-IP0.6,SDXL-IP0.6
Delicate Aquarelle,LightWatercolor_SDXLIP_v0,1,Light_Watercolor_xl_1024_15_ip_image_embeddings,,"rich colors, Ultra high definition quality, Masterpiece, best quality, soft lighting, 4K","Multiple fingers, bad fingers, bad face, text, watermark, low-quality, signature, moiré pattern, downsampling, aliasing, distorted, blurry, glossy, blur, jpeg artifacts, compression artifacts, poorly drawn, low-resolution, bad, distortion, twisted, excessive, exaggerated pose, exaggerated limbs, grainy, symmetrical, duplicate, error, pattern, beginner, pixelated, fake, hyper, glitch, overexposed",SDXL,,["Illustration Design"],SDXL-IP0.6,SDXL-IP0.6
Metallic Fluid,MetallicFluid_SDXLIP_v0,1,Metallic_Fluid_xl_1024_ip_image_embeddings,,"best quality, Metallic, Everything is made of metal, best quality,soft lighting, Masterpiece","text, watermark, low-quality, signature, moiré pattern, downsampling, aliasing, distorted, blurry, glossy, blur, jpeg artifacts, compression artifacts, poorly drawn, low-resolution, bad, distortion, twisted, excessive, exaggerated pose, exaggerated limbs, grainy, symmetrical, duplicate, error, pattern, beginner, pixelated, fake, hyper, glitch, overexposed, high-contrast, bad-contrast",SDXL,,["Abstract Art"],SDXL-IP0.6,SDXL-IP0.6
Minimalist Cartoon,MinimalistCartoon_SDXLIP_v0,1,Minimalist_Cartoon_xl_1024_ip_image_embeddings,,"rich colors, Ultra high definition quality, Masterpiece, best quality, soft lighting, 4K","Blurred edges, text, watermark, low-quality, signature, moiré pattern, downsampling, aliasing, distorted, blurry, glossy, blur, jpeg artifacts, compression artifacts, poorly drawn, low-resolution, bad, distortion, twisted, excessive, exaggerated pose, exaggerated limbs, grainy, symmetrical, duplicate, error, pattern, beginner, pixelated, fake, hyper, glitch, overexposed",SDXL,,["Illustration Design"],SDXL-IP0.6,SDXL-IP0.6
Minimalist Characters,MinimalistCharacters_SDXLIP_v0,1,Minimalist_Characters_xl_1024_ip_image_embeddings,,"rich colors, Ultra high definition quality, Masterpiece, best quality, soft lighting, 4K","Multiple fingers, bad fingers, bad face, text, watermark, low-quality, signature, moiré pattern, downsampling, aliasing, distorted, blurry, glossy, blur, jpeg artifacts, compression artifacts, poorly drawn, low-resolution, bad, distortion, twisted, excessive, exaggerated pose, exaggerated limbs, grainy, symmetrical, duplicate, error, pattern, beginner, pixelated, fake, hyper, glitch, overexposed",SDXL,,["Illustration Design"],SDXL-IP0.6,SDXL-IP0.6
Paper Cutout,PaperCutout_SDXLIP_v0,1,Paper_Cutout_xl_1024_15_ip_image_embeddings,,"rich colors, Ultra high definition quality, Masterpiece, best quality, soft lighting, 4K","bad face, text, watermark, low-quality, signature, moiré pattern, downsampling, aliasing, distorted, blurry, glossy, blur, jpeg artifacts, compression artifacts, poorly drawn, low-resolution, bad, distortion, twisted, excessive, exaggerated pose, exaggerated limbs, grainy, symmetrical, duplicate, error, pattern, beginner, pixelated, fake, hyper, glitch, overexposed",SDXL,,["Abstract Art"],SDXL-IP0.65,SDXL-IP0.65
Pastel Deil,PastelDeil_SDXLIP_v0,1,Pastel_Deil_xl_1024_ip_image_embeddings,,"high saturation color, rich colors, Ultra high definition quality, Masterpiece, best quality, soft lighting, 4K","text, watermark, low-quality, signature, moiré pattern, downsampling, aliasing, distorted, blurry, glossy, blur, jpeg artifacts, compression artifacts, poorly drawn, low-resolution, bad, distortion, twisted, excessive, exaggerated pose, exaggerated limbs, grainy, symmetrical, duplicate, error, pattern, beginner, pixelated, fake, hyper, glitch, overexposed",SDXL,,["Illustration Design"],SDXL-IP0.6,SDXL-IP0.6
Whispering Lines,TracingRipples_SDXLIP_v0,1,Tracing_Ripples_xl_1024_15_ip_image_embeddings,,"Transparent, extremely thin material, rich colors, Ultra high definition quality, Masterpiece, best quality, soft lighting, 4K","Excess limbs, three legs, Blurred edges, text, watermark, low-quality, signature, moiré pattern, downsampling, aliasing, distorted, blurry, glossy, blur, jpeg artifacts, compression artifacts, poorly drawn, low-resolution, bad, distortion, twisted, excessive, exaggerated pose, exaggerated limbs, grainy, symmetrical, duplicate, error, pattern, beginner, pixelated, fake, hyper, glitch, overexposed",SDXL,,["Abstract Art"],SDXL-IP0.5,SDXL-IP0.5
Zen Spirit,ZenLandscape_SDXLIP_v0,1,Zen_Landscape_xl_1024_ip_image_embeddings,,"rich colors, Ultra high definition quality, Masterpiece, best quality, soft lighting, 4K","Blurred edges, text, watermark, low-quality, signature, moiré pattern, downsampling, aliasing, distorted, blurry, glossy, blur, jpeg artifacts, compression artifacts, poorly drawn, low-resolution, bad, distortion, twisted, excessive, exaggerated pose, exaggerated limbs, grainy, symmetrical, duplicate, error, pattern, beginner, pixelated, fake, hyper, glitch, overexposed",SDXL,,["Illustration Design"],SDXL-IP0.6,SDXL-IP0.6
Into the Future,FutureSpace_SDXLIP_v0,1,Future_Space_xl_1024_ip_image_embeddings,,"rich colors, Ultra high definition quality, Masterpiece, best quality, soft lighting, 4K","Multiple fingers, bad fingers, bad face, text, watermark, low-quality, signature, moiré pattern, downsampling, aliasing, distorted, blurry, glossy, blur, jpeg artifacts, compression artifacts, poorly drawn, low-resolution, bad, distortion, twisted, excessive, exaggerated pose, exaggerated limbs, grainy, symmetrical, duplicate, error, pattern, beginner, pixelated, fake, hyper, glitch, overexposed",SDXL,,["Illustration Design"],SDXL-IP0.6,SDXL-IP0.6
Ancient China,InkSmudge_SDXL_v0,0.8,test_embeddings,"Chinese ink painting, traditional media, liujiyou","Masterpiece, best quality,16K","(Bad hands:1.2), (bad fingers:1.2), (multiple fingers:1.4), text, watermark, low-quality, signature, moiré pattern, downsampling, aliasing, distorted, blurry, glossy, blur, jpeg artifacts, compression artifacts, poorly drawn, low-resolution, bad, distortion, twisted, excessive, exaggerated pose, exaggerated limbs, grainy, symmetrical, duplicate, error, pattern, beginner, pixelated, fake, hyper, glitch, overexposed, high-contrast, bad-contrast",SDXL,,["Illustration Design"],SDXL-IP0,SDXL-IP0
Graffiti Splash,GraffitiSplash_SDXLIP_v0,1,Graffiti_Splash_xl_1024_15_ip_image_embeddings,,"High saturation color, rich colors, Ultra high definition quality, Masterpiece, best quality, soft lighting, 4K","bad face, text, watermark, low-quality, signature, moiré pattern, downsampling, aliasing, distorted, blurry, glossy, blur, jpeg artifacts, compression artifacts, poorly drawn, low-resolution, bad, distortion, twisted, excessive, exaggerated pose, exaggerated limbs, grainy, symmetrical, duplicate, error, pattern, beginner, pixelated, fake, hyper, glitch, overexposed",SDXL,,["Illustration Design"],SDXL-IP0.6,SDXL-IP0.6
Vintage Engraving,ColorfulEngraving_SDXLIP_v0,1,Colorful_Engraving_xl_1024_ip_image_embeddings,,"high saturation color, rich colors, Ultra high definition quality, Masterpiece, best quality, soft lighting, 4K","Blurred edges, text, watermark, low-quality, signature, moiré pattern, downsampling, aliasing, distorted, blurry, glossy, blur, jpeg artifacts, compression artifacts, poorly drawn, low-resolution, bad, distortion, twisted, excessive, exaggerated pose, exaggerated limbs, grainy, symmetrical, duplicate, error, pattern, beginner, pixelated, fake, hyper, glitch, overexposed",SDXL,,["Illustration Design"],SDXL-IP0.6,SDXL-IP0.6
Retro Noir Chromatics,SaturatedColor_SDXLIP_v0,1,Saturated_Color_xl_1024_ip_image_embeddings,,"Single entity, solo, high saturation color, rich colors, Ultra high definition quality, Masterpiece, best quality, soft lighting, 4K","Blurred edges, text, watermark, low-quality, signature, moiré pattern, downsampling, aliasing, distorted, blurry, glossy, blur, jpeg artifacts, compression artifacts, poorly drawn, low-resolution, bad, distortion, twisted, excessive, exaggerated pose, exaggerated limbs, grainy, symmetrical, duplicate, error, pattern, beginner, pixelated, fake, hyper, glitch, overexposed",SDXL,,["Illustration Design"],SDXL-IP0.5,SDXL-IP0.5
Glass World,GlassConstruction_SDXLIP_v0,1,Glass_Construction_xl_1024_ip_image_embeddings,," glassy luster, Transparent, high saturation color, rich colors, Ultra high definition quality, Masterpiece, best quality, soft lighting, 4K","Metallic, Excess limbs, three legs, Blurred edges, text, watermark, low-quality, signature, moiré pattern, downsampling, aliasing, distorted, blurry, glossy, blur, jpeg artifacts, compression artifacts, poorly drawn, low-resolution, bad, distortion, twisted, excessive, exaggerated pose, exaggerated limbs, grainy, symmetrical, duplicate, error, pattern, beginner, pixelated, fake, hyper, glitch, overexposed",SDXL,,["Abstract Art"],SDXL-IP0.6,SDXL-IP0.6
Back to 1950,EnergeticFeeling_SDXLIP_v0,1,Energetic_Feeling_xl_1024_ip_image_embeddings,,"rich colors, Ultra high definition quality, Masterpiece, best quality, soft lighting, 4K","Excess limbs, three legs, Blurred edges, text, watermark, low-quality, signature, moiré pattern, downsampling, aliasing, distorted, blurry, glossy, blur, jpeg artifacts, compression artifacts, poorly drawn, low-resolution, bad, distortion, twisted, excessive, exaggerated pose, exaggerated limbs, grainy, symmetrical, duplicate, error, pattern, beginner, pixelated, fake, hyper, glitch, overexposed",SDXL,,["Illustration Design"],SDXL-IP0.55,SDXL-IP0.55
Memphis Illustration,Memphisillustration_SDXLIP_v0,1,Memphis_illustration_xl_1024_ip_image_embeddings,,"high saturation color, rich colors, Ultra high definition quality, Masterpiece, best quality, soft lighting, 4K","Excess limbs, three legs, Blurred edges, text, watermark, low-quality, signature, moiré pattern, downsampling, aliasing, distorted, blurry, glossy, blur, jpeg artifacts, compression artifacts, poorly drawn, low-resolution, bad, distortion, twisted, excessive, exaggerated pose, exaggerated limbs, grainy, symmetrical, duplicate, error, pattern, beginner, pixelated, fake, hyper, glitch, overexposed",SDXL,,["Illustration Design"],SDXL-IP0.65,SDXL-IP0.65
Elegant B&W,GrayscaleBotanicalPrints_SDXLIP_v0,1,Grayscale_Botanical_Prints_xl_1024_ip_image_embeddings,,"(Grayscale:1.2), Grayscale color scale, rich colors, Ultra high definition quality, Masterpiece, best quality, soft lighting, 4K","color, Blurred edges, text, watermark, low-quality, signature, moiré pattern, downsampling, aliasing, distorted, blurry, glossy, blur, jpeg artifacts, compression artifacts, poorly drawn, low-resolution, bad, distortion, twisted, excessive, exaggerated pose, exaggerated limbs, grainy, symmetrical, duplicate, error, pattern, beginner, pixelated, fake, hyper, glitch, overexposed",SDXL,,["Illustration Design"],SDXL-IP0.6,SDXL-IP0.6
Pleasantly Warm,PleasantlyWarm_SDXLIP_v0,1,Pleasantly_Warm_xl_1024_ip_image_embeddings,,"rich colors, Ultra high definition quality, Masterpiece, best quality, soft lighting, 4K","Excess limbs, three legs, Blurred edges, text, watermark, low-quality, signature, moiré pattern, downsampling, aliasing, distorted, blurry, glossy, blur, jpeg artifacts, compression artifacts, poorly drawn, low-resolution, bad, distortion, twisted, excessive, exaggerated pose, exaggerated limbs, grainy, symmetrical, duplicate, error, pattern, beginner, pixelated, fake, hyper, glitch, overexposed",SDXL,,["Illustration Design"],SDXL-IP0.6,SDXL-IP0.6
Piece of Holiday,PieceOfUrban_SDXLIP_v0,1,Piece_Of_Urban_xl_1024_ip_image_embeddings,,"rich colors, Ultra high definition quality, Masterpiece, best quality, soft lighting, 4K","Multiple fingers, bad fingers, bad face, text, watermark, low-quality, signature, moiré pattern, downsampling, aliasing, distorted, blurry, glossy, blur, jpeg artifacts, compression artifacts, poorly drawn, low-resolution, bad, distortion, twisted, excessive, exaggerated pose, exaggerated limbs, grainy, symmetrical, duplicate, error, pattern, beginner, pixelated, fake, hyper, glitch, overexposed",SDXL,,["Illustration Design"],SDXL-IP0.6,SDXL-IP0.6
Realistic,SDXL_empty,0,test_embeddings,,"4K, Ultra HD, Professional, Medium Saturation, High Quality, Dramatic, Beautiful & Aesthetic, Highest Detail, Masterpiece, Top Quality, Best Quality, Official Art, Extremely Detailed, Intricate, Perfectly Lighted, Vibrant,hard shadow","worst quality, low quality, signature, watermark, username, illustration, 3d, 2d, painting, cartoons, sketch, ((blurry:1.3)), cgi, drawing, undefined, anime, graphic, text, painting, crayon, graphite, abstract, glitch, deformed, mutated, ugly, disfigured, lowres, bad anatomy, bad hands, text, error, missing fingers, extra digit, fewer digits, cropped, normal quality, jpeg artifacts, signature",Realistic,,["Portrait Photography"],SDXL-IP0,SDXL-IP0
Interior Design Insight,SDXL_empty,0,test_embeddings,"(Realistic:1.5), Interior design","The Aesthetics of Interior Design Masters, Interior, design, interior decoration, no one, decoration, gorgeous,comfortable and smooth layout, simple lines, natural textures, beauty, bright environment, simple elegance, perfect composition, sunshine, realistic background, shooting with natural light and high contrast, depth of field, mid range, realistic lighting,Masterpiece, Best Quality, Best Picture Quality, Ultra Detailed, High Detail, High Resolution, 8k","Text, words, cropping, username, watermark, signature, blurry, soft, soft lines, curves, sketches, ugly, sketching, scale not good, cartoon, 3D, deformation, (normal quality), (low quality), (worst quality), drawing, sketching, logo, pixelated, low resolution,(bad and mutated hands:1.3), (worst quality:2.0), (low quality:2.0), (blurry:2.0), horror, geometry, bad_prompt, (bad hands), (missing fingers), multiple limbs, bad anatomy",SDXL,,["Interior Design"],SDXL-IP0,SDXL-IP0
Fantasy Home,FantasyHome_SDXLIP_v0,1,Fantasy_Home_xl_1024_ip_image_embeddings,,"high saturation color, rich colors, Ultra high definition quality, Masterpiece, best quality, soft lighting, 4K","bad face, text, watermark, low-quality, signature, moiré pattern, downsampling, aliasing, distorted, blurry, glossy, blur, jpeg artifacts, compression artifacts, poorly drawn, low-resolution, bad, distortion, twisted, excessive, exaggerated pose, exaggerated limbs, grainy, symmetrical, duplicate, error, pattern, beginner, pixelated, fake, hyper, glitch, overexposed",SDXL,,["Abstract Art"],SDXL-IP0.6,SDXL-IP0.6
Pixel Art,Hit-BitPixel_SDXLIP_v0,1,Hit-Bit_Pixel_xl_1024_ip_image_embeddings,,"best quality, High pixels, complex, pixel art, bright colors, pixel graph, soft lighting, Masterpiece","worst quality, low quality, text, watermark, low-quality, signature, moiré pattern, downsampling, aliasing, distorted, blurry, glossy, blur, jpeg artifacts, compression artifacts, poorly drawn, low-resolution, bad, distortion, symmetrical, duplicate, error, pattern, beginner,  high-contrast, bad-contrast",SDXL,,["Illustration Design"],SDXL-IP0.6,SDXL-IP0.6
Inflatable Balloon,InflatableBalloons_SDXLIP_v0,1,Inflatable_Balloons_xl_1024_ip_image_embeddings,,"Everything is made of balloons, rich colors, Ultra high definition quality, Masterpiece, best quality, soft lighting, 4K","Multiple fingers, bad fingers, bad face, text, watermark, low-quality, signature, moiré pattern, downsampling, aliasing, distorted, blurry, glossy, blur, jpeg artifacts, compression artifacts, poorly drawn, low-resolution, bad, distortion, twisted, excessive, exaggerated pose, exaggerated limbs, grainy, symmetrical, duplicate, error, pattern, beginner, pixelated, fake, hyper, glitch, overexposed",SDXL,,["Abstract Art"],SDXL-IP0.6,SDXL-IP0.6
Floral Tattoo,WesternFloralTattoos_SDXLIP_v0,1,Western_Floral_Tattoos_xl_1024_ip_image_embeddings,,"Flat manuscript, Tattoo Manuscript, richimage colors, Ultra high definition quality, Masterpiece, best quality, soft lighting, 4K","(Tattoos on the human body:1.3), (pen:1.2), (pencil:1.2), bad face, Blurred edges, text, watermark, low-quality, signature, moiré pattern, downsampling, aliasing, distorted, blurry, glossy, blur, jpeg artifacts, compression artifacts, poorly drawn, low-resolution, bad, distortion, twisted, excessive, grainy, symmetrical, duplicate, error, pattern, beginner, pixelated, fake, hyper, glitch, overexposed",Realistic,,["Tattoo Design"],SDXL-IP0.4,SDXL-IP0.5
Classic Dotwork,Dotwork_SDXLIP_v0,1,Dotwork_xl_1024_ip_image_embeddings,,"white background, Flat manuscript, Tattoo Manuscript, Ultra high definition quality, Masterpiece, best quality, 4K","Disconnected line, (Tattoos on the human body:1.3), (pen:1.2), (pencil:1.2), bad face, Blurred edges, text, watermark, low-quality, signature, moiré pattern, downsampling, aliasing, distorted, blurry, glossy, blur, jpeg artifacts, compression artifacts, poorly drawn, low-resolution, bad, distortion, twisted, excessive, grainy, symmetrical, duplicate, error, pattern, beginner, pixelated, fake, hyper, glitch, overexposed",SDXL,,["Tattoo Design"],SDXL-IP0.45,SDXL-IP0.4
Apocalyptic Horror,Apocalyptic_SDXLIP_v0,1,Apocalyptic_xl_1024_ip_image_embeddings,"Terrifying, exaggerated, ","rich colors, Ultra high definition quality, Masterpiece, best quality, soft lighting, 4K","Multiple fingers, bad fingers, bad face, text, watermark, low-quality, signature, moiré pattern, downsampling, aliasing, distorted, blurry, glossy, blur, jpeg artifacts, compression artifacts, poorly drawn, low-resolution, bad, distortion, twisted, excessive, exaggerated pose, exaggerated limbs, grainy, symmetrical, duplicate, error, pattern, beginner, pixelated, fake, hyper, glitch, overexposed",SDXL,,["Tattoo Design"],SDXL-IP0.35,SDXL-IP0.35
Creamy,CreamyInterior_SDXL_v0,1,test_embeddings,,"ALL White, A corner full of design, Curved, rounded furniture shape, Matte wood grain tile floors, Light-colored French lighting, warm sunlight, and transparency, Bright off-white, soft earth tones, high brightness, low saturation, cream color, bringing a light and dense texture, Furry material, delicate matte material, soft light paint, skin-feeling pet material, fabric material, grainy surface.Attention to detail and craftsmanship, soft and warm color palette, delicate and comfortable textures, very detailed, best quality, Masterpiece, photo realistic, MDR, UND, 8K, high resolution, more details, masterpiece, super detailed","(wood:1.5), Marble material, cold hard wood, metal material, too many dark colors, right angles, strong reflective materials, glass material, cold atmosphere, lack of light leading to dim atmosphere, lack of tactile surface of materials,bad anatomy, error, low quality, signature, watermark, username, Blur, Low Pixel, Monochrome, Low Contrast, Low Saturation, text, cropped, sketches, cropped, error, mutation, poorly drawn, bad proportions, bad shadow, signature, blurry, mosaic, mutilated, disfigured, malformed, ugly, humans",Realistic,,["Interior Design"],SDXL-IP0,SDXL-IP0
Wood Tone,RawWoodInterior_SDXL_v0,1,test_embeddings,,"Natural wood elements, minimalist aesthetic, Warm and rustic atmosphere,Simple and organic aesthetics, Maximizing natural light, very detailed, best quality, Masterpiece, photo realistic, MDR, UND, 8K, high resolution, more details , masterpiece, super detailed","bad anatomy, error, low quality, signature, watermark, username, Blur, Low Pixel, Monochrome, Low Contrast, Low Saturation, text, cropped, sketches, cropped, error, mutation, poorly drawn,  bad proportions, bad shadow, signature, blurry, mosaic, mutilated, disfigured, malformed, ugly, humans, Insufficient lighting leading to a dim atmosphere, Lack of tactile surfaces in materials",Realistic,,["Interior Design"],SDXL-IP0,SDXL-IP0
Modern Glamorous ,LargeSpace_SDXL_v0,0.9,test_embeddings,,"The interior design of the villa is rich in texture and layering, with high ceilings, wide open spaces, minimalist aesthetics, dark textured materials, reasonable light, eye-catching and exquisite decorative details, noble and elegant color palette, gorgeous and exquisite Ambience, high quality materials and finishes, spacious and majestic layouts, flat natural marble, ceramics, metal sheets,very detailed,best quality, Masterpiece, photo realistic, MDR, UND, 8K, high resolution,more details ,masterpiece,super detailed","The light is messy, lacks harmony and balance, the excessive use of dark colors leads to a sense of oppression, Soft material surface，Text appears in corner, lack a gloomy and depressing atmosphere, cheap and tacky finishes, and a plastic texture,bad anatomy,error,low quality,signature,watermark,username，Blur, Low Pixel, Monochrome, Low Contrast, Low Saturation, text, cropped, sketches,cropped,error,mutation, poorly drawn , bad proportions, bad shadow, signature, blurry, mosaic, mutilated, disfigured, malformed, ugly,humans",Realistic,,["Interior Design"],SDXL-IP0,SDXL-IP0
B&W Tattoo,GrayscaleBotanicalPrints_SDXLIP_v0,1,Grayscale_Botanical_Prints_xl_1024_ip_image_embeddings,"Grayscale, Grayscale color scale, (black and white drawing:1.2)","Ultra high definition quality, Masterpiece, best quality, 4K","(nude:1.3), Breasts, nipples, (exposed body:1.5), (naked:1.5), color, Blurred edges, text, watermark, low-quality, signature, moiré pattern, downsampling, aliasing, distorted, blurry, glossy, blur, jpeg artifacts, compression artifacts, poorly drawn, low-resolution, bad, distortion, twisted, excessive, exaggerated pose, exaggerated limbs, grainy, symmetrical, duplicate, error, pattern, beginner, pixelated, fake, hyper, glitch, overexposed",Realistic,,["Tattoo Design"],SDXL-IP0.3,SDXL-IP0.3
Watercolor Tattoo,LightWatercolor_SDXLIP_v0,1,Light_Watercolor_xl_1024_15_ip_image_embeddings,"(Grayscale:1.8), Grayscale color scale, (black and white drawing:2.0)","Ultra high definition quality, Masterpiece, best quality, 4K","(colorful:2.0), Breasts, nipples, exposed body, naked, (color:1.8), Blurred edges, text, watermark, low-quality, signature, moiré pattern, downsampling, aliasing, distorted, blurry, glossy, blur, jpeg artifacts, compression artifacts, poorly drawn, low-resolution, bad, distortion, twisted, excessive, exaggerated pose, exaggerated limbs, grainy, symmetrical, duplicate, error, pattern, beginner, pixelated, fake, hyper, glitch, overexposed",Realistic,,["Tattoo Design"],SDXL-IP0.3,SDXL-IP0.3
B&W Old School,BWClassical_SDXLIP_V0,1,BW_Classical_ip_image_embeddings,(black background:1.5),"Precise structure, Continuous lines, complete lines, black background, simple, modern, clean and concise design, while also showing professionalism and innovation, perfect design, graphic, symbol, flat, abstract detail","signature, watermark, username, unnecessary content, (Thin Line:1.5), (Text:1.5), Discontinuous lines, wrong structure, NSFW, (worst quality:2), (low quality:2), normal quality, monochrome, skin spots, skin blemishes, age spot, (ugly:1.3), (duplicate:1.3), (morbid:1.2), (mutilated:1.2), mutated hands, (poorly drawn hands:1.5), blurry, (bad anatomy:1.2), (bad proportions:1.3), extra limbs, (disfigured:1.3), (missing arms:1.3), (extra legs:1.3), (fused fingers:1.5), (too many fingers:1.5), (unclear eyes:1.3), lowers, bad hands, missing fingers, extra digit, extra arms and legs",SDXL,,["LOGO Design"],SDXL-IP0.3,SDXL-IP0.3
Modern Hotel,Conrad_SDXLIP_v0,1,Conrad_xl_1024_ip_image_embeddings,"Cool tone, Ultra high definition quality"," modern hotel interior design, modern decoration, sharpening, Ultra high definition quality, Masterpiece, best quality, 4K","Blurred edges, text, watermark, low-quality, signature, moiré pattern, downsampling, aliasing, distorted, blurry, glossy, blur, jpeg artifacts, compression artifacts, poorly drawn, low-resolution, bad, distortion, twisted, excessive, exaggerated pose, exaggerated limbs, grainy, symmetrical, duplicate, error, pattern, beginner, pixelated, fake, hyper, glitch, overexposed",Realistic,,["Interior Design"],SDXL-IP0.5,SDXL-IP0.45
Industrial,GrayIndustrialStyle_SDXLIP_v0,1,Gray_Industrial_Style2_ip_image_embeddings,,"Industrial style, interior design, minimalist aesthetic, dark textured materials, striking and intricate decorative details, opulent and sophisticated atmosphere, high-quality materials and finishes, spacious and grand layout, interior decoration, no one, Gorgeous, comfortable and smooth layout, clean lines, natural textures, simplicity, beauty, perfect composition, sunlight, realistic background, natural light and high contrast shooting, deep depth of field, mid-distance, masterpiece, high quality, best quality, best picture quality, super detailed, high resolution, 4K, resolution","Messy lighting, lack of harmony and balance, overuse of dark tones resulting in a sense of oppression, text, crop, username, watermark, signature, blur, soft, soft lines, curve, sketch, ugly, sketch, bad proportion, cartoon, 3D, distorted, (normal quality), (low quality), most Bad Quality, Drawing, Sketch, Logo, Low Resolution, (Bad and Mutated Hands: 1.3), (Worst Quality: 2.0), (Missing Fingers), Multiple Limbs, Bad Anatomy, insufficient lighting resulting Dark atmosphere, lack of tactile material surfaces, gloomy and depressing atmosphere, cheap and tacky finishes",SDXL,,["Interior Design"],SDXL-IP0.3,SDXL-IP0.3
Retro Sticker,RetroStickers_SDXLIP_v0,1,Retro_Stickers_ip_image_embeddings,Logo,"badges, logos, text, perfect design, Pattern details, vector illustration, flattened, perfect composition, masterpiece, high quality, best quality, realistic, best picture quality, super detailed, high detail, high resolution, 4K"," signature, watermark, username, text, error, blurred edges, solid, low-quality, aliasing, distorted, blurry, glossy, blur, jpeg artifacts, compression artifacts, poorly drawn, low-resolution, bad, twisted, excessive, exaggerated pose, exaggerated limbs, grainy, duplicate, error, beginner, fake, hyper, glitch,  overexposed, monochrome, skin spots, skin blemishe, mutated hands, blurry, (worst quality:2), (low quality:2), (normal quality:2), (ugly:1.3), (duplicate:1.3), (morbid:1.2), (mutilated:1.5), (poorly drawn hands:1.5), (bad anatomy:1.2), (bad proportions:1.3), (disfigured:1.3), (missing arms:1.3), (extra legs:1.3), (fused fingers:1.6), (too many fingers:1.6), (unclear eyes:1.3)",SDXL,,["LOGO Design"],SDXL-IP0.5,SDXL-IP0.5
Mid-Century,Midcentury_SDXLIP_v0,1,Midcentury_ip_image_embeddings,,"Vintage with elements of the Middle Ages, modern furniture, The room layout is correct, very detailed, best quality, Masterpiece, photo realistic, MDR, UND, 8K, high resolution, more details, masterpiece, super detailed,  Spacious and open space, Open floor plan, Simple and fluid lines, distinct geometric shapes, and clear contours, (natural materials such as wood, glass, metal, and stone:0.4),  rustic and unadorned, vibrant neutral colors, comfortable spaces, Charles style, Ray Eames style, Chairs predominantly in leather and metal materials, Modern style sofa","Excessive decorations and intricate details, Unusual ceiling beams, Improperly positioned chair, bad anatomy, error, low quality, signature, watermark, username, Blur, Low Pixel, Monochrome, Low Contrast, Low Saturation, text, cropped, sketches, cropped, error, mutation, poorly drawn,  bad proportions, bad shadow, signature, blurry, mosaic, mutilated, disfigured, malformed, ugly, humans",SDXL,,["Interior Design"],SDXL-IP0.6,SDXL-IP0.6
Boho,boho_SDXLIP_v0,1,boho_ip_image_embeddings,,"Bohemian style small space, bright warm light, Rich texture, Patterns with ethnic characteristics, bohemian style, reasonable room layout, soft fabric materials, very detailed, best quality, Masterpiece, photo realistic, MDR, UND, 4K, high resolution, more details, masterpiece, super detailed, The room is bright and colorful, Compact space layout, many small items placed, Many collectibles are placed in every corner of the space","smooth texture, bad anatomy, error, low quality, signature, watermark, username, Blur, Low Pixel, Monochrome, Low Contrast, Low Saturation, text, cropped, sketches, cropped, error, mutation, poorly drawn,  bad proportions, bad shadow, signature, blurry, mosaic, mutilated, disfigured, malformed, ugly, humans, Chandelier on the ceiling",SDXL,,["Interior Design"],SDXL-IP0.5,SDXL-IP0.5
Minimalist,Minimalist_SDXLIP_v1,1,Minimalist_ip_image_embeddings,," high-quality materials, neutral tones, very detailed, best quality, Masterpiece, photo realistic, MDR, UND, 8K, high resolution, more details, masterpiece, super detailed, ( Correct furniture construction:1.5 )","(a light fixture:2), lamp, chandelier, dim environment, strange ceiling, bad anatomy, error, low quality, signature, watermark, username, Blur, Low Pixel, Monochrome, Low Contrast, Low Saturation, text, cropped, sketches, cropped, error, mutation, poorly drawn,  bad proportions, bad shadow, signature, blurry, mosaic, mutilated, disfigured, malformed, ugly, humans",SDXL,,["Interior Design"],SDXL-IP0.2,SDXL-IP0.2
Scandi,Scandinavian_SDXLIP_v0,1,Scandinavian_ip_image_embeddings,Cool colors,"minimalist, Bright and transparent, light-colored walls, Accurate furniture styling, natural materials, warm textures, textiles, very detailed, best quality, Masterpiece, photo realistic, MDR, UND, 4K, high resolution, more details, masterpiece, super detailed, natural elements","(black:0.8), (vine:2), (wood color:2), (brown color:2), (wooden:2), basket, Wrong light fixture, Weird extra black lines, Wrong furniture shape, (Wrong light and shadow:1.5), Too many plants, too much wood, bad anatomy, error, low quality, signature, watermark, username, Blur, Low Pixel, Monochrome, Low Contrast, Low Saturation, text, cropped, sketches, cropped, error, mutation, poorly drawn,  bad proportions, bad shadow, signature, blurry, mosaic, mutilated, disfigured, malformed, ugly, humans",SDXL,,["Interior Design"],SDXL-IP0.4,SDXL-IP0.4
Coastal,Coast_SDXLIP_v0,1,coast_ip_image_embeddings,,"Light and Airy Spaces, very detailed, best quality, Masterpiece, photo realistic, MDR, UND, 4K, high resolution, more details, masterpiece, super detailed,  natural elements, (white, beige, and soft blue:0.5), Nautical Elements, linen or cotton curtains, throw pillows, and area rugs, the right shape, (Coastal-inspired Artwork:0.6)","(wood color:2), (brown color:2), Wrong light fixture,  Wrong furniture shape, (Wrong light and shadow:1.5), wood, bad anatomy, error, low quality, signature, watermark, username, Blur, Low Pixel, Monochrome, Low Contrast, Low Saturation, text, cropped, sketches, cropped, error, mutation, poorly drawn,  bad proportions, bad shadow, signature, blurry, mosaic, mutilated, disfigured, malformed, ugly, humans",SDXL,,["Interior Design"],SDXL-IP0.2,SDXL-IP0.2
Transitional,Transitional_SDXLIP_v0,1,Transitional_ip_image_embeddings,," very detailed, best quality, Masterpiece, photo realistic, MDR, UND, 4K, high resolution, more details, masterpiece, super detailed","bad anatomy, error, low quality, signature, watermark, username, Blur, Low Pixel, Monochrome, Low Contrast, Low Saturation, text, cropped, sketches, cropped, error, mutation, poorly drawn,  bad proportions, bad shadow, signature, blurry, mosaic, mutilated, disfigured, malformed, ugly, humans",SDXL,,["Interior Design"],SDXL-IP0.3,SDXL-IP0.3
Luminous Narratives,AtmosphereFilter_SDXLIP_v0,1,Atmosphere_filter_xl_1024_ip_image_embeddings,soft lighting,"very detailed, best quality, Masterpiece, MDR, UND, 4K, high resolution, more details, masterpiece, super detailed","Narrow shoulders, Big head, perspective error, structural error, (nude:1.2), Breasts, nipples, exposed body, naked, Blurred edges, text, watermark, low-quality, signature, moiré pattern, downsampling, aliasing, distorted, blurry, glossy, blur, jpeg artifacts, compression artifacts, poorly drawn, low-resolution, bad, distortion, twisted, excessive, exaggerated pose, exaggerated limbs, grainy, symmetrical, duplicate, error, pattern, beginner, pixelated, fake, hyper, glitch, overexposed",Realistic,,["Portrait Photography"],SDXL-IP0.4,SDXL-IP0.4
No Style,SDXL_empty,0,test_embeddings,,"4K, UHD, highly detailed, high resolution, Best quality, fantastic","(deformed iris, deformed pupils), text, worst quality, low quality, jpeg artifacts, ugly, duplicate, morbid, mutilated, (extra fingers), (mutated hands), poorly drawn hands, poorly drawn face, mutation, deformed, blurry, dehydrated, bad anatomy, bad proportions, extra limbs, cloned face, disfigured, gross proportions, malformed limbs, missing arms, missing legs, extra arms, extra legs, (fused fingers), (too many fingers), long neck",SDXL,,[],SDXL-IP0,SDXL-IP0
Negative Space,NegativeSpaceLogo_SDXLIP_v0,1,Negative_Space_Logo_xl_1024_ip_image_embeddings,The colors of the image are only black and white,"Two Objects, Minimalist animals, vector, Positive and negative forms, clear lines, vector graphics, fashionable style, simple geometric shapes, Solid color background, Ultra high definition quality, Masterpiece, best quality, 4K"," (grey:0.8), orange, colorful, yellow, Not black and white, bad face, Blurred edges, Stroke, Three colors, Disconnected line, bad face, watermark, Blurred edges, text, watermark, low-quality, signature, moiré pattern, downsampling, aliasing, distorted, blurry, glossy, blur, jpeg artifacts, compression artifacts, poorly drawn, low-resolution, bad, distortion, twisted, excessive, grainy, symmetrical, duplicate, error, pattern, beginner, pixelated, fake, hyper, glitch, overexposed",Realistic,,["LOGO Design"],SDXL-IP0.25,SDXL-IP0.45
Miniatures,3DIcon_SDXLIP_v0,0.8,3dIcon_SDXLIP_v0_embeddings,solo object,"(white background:2), icon, Made of simple circles and squares, cartoon drawing, Simple, (cartoon:1.6), minimalist  styling, small model, No details, Q version,  easy, (Rich colors:1.4), (clay texture:0.5), (Simple drawing:1.8), Geometry,  children toy","(detail:2.0), number, chaotic structure, strange hands, strange shape, complex lines,  Scenes, face,  obvious light and shadow, detail, More than three colors, multiplepatterns, strange structure,signature, watermark, username, text, error, blurred edges, solid, lowquality, aliasing, distorted, blurry glossy, blur, jpeg artifacts, compression artifacts, poorly drawn, low-resolution, bad, twisted, excessive exaggerated pose, exaggerated limbs, grainy, duplicate, error beginner, fake, hyper, glitch ",Realistic,colossusProjectXLSFW,["LOGO Design"],SDXL-IP0.2,SDXL-IP0.2
Pastel Heart,LoveIcon_SDXLIP_v0,1,loveIcon_SDXLIP_v0_embeddings,solo object,"(white background:2), icon, Made of simple circles and squares, cartoon drawing, Simple, (cartoon:1.6), minimalist  styling, small model, No details, Q version,  easy, (red and pink and white colors:0.6), (clay texture:0.5), (Simple drawing:1.8), Geometry,  children toy,  Love elements are everywhere, accurate styling","(detail:2.0), number, chaotic structure, strange hands, strange shape, complex lines,  Scenes, face,  obvious light and shadow, detail, More than three colors, multiplepatterns, strange structure,signature, watermark, username, text, error, blurred edges, solid, lowquality, aliasing, distorted, blurry glossy, blur, jpeg artifacts, compression artifacts, poorly drawn, low-resolution, bad, twisted, excessive exaggerated pose, exaggerated limbs, grainy, duplicate, error beginner, fake, hyper, glitch ",Realistic,colossusProjectXLSFW,["LOGO Design"],SDXL-IP0.2,SDXL-IP0.2
Monochrome Elegance,bwPhotography_SDXLIP_v0,1,bwPhotography_SDXLIP_v0_embeddings,(black and white photo:1.3),"very detailed, best quality, Masterpiece, 4K, high resolution","Narrow shoulders, Big head, perspective error, structural error, (nude:1.2), Breasts, nipples, exposed body, naked, Blurred edges, text, watermark, low-quality, signature, moiré pattern, downsampling, aliasing, distorted, blurry, glossy, blur, jpeg artifacts, compression artifacts, poorly drawn, low-resolution, bad, distortion, twisted, excessive, exaggerated pose, exaggerated limbs, grainy, symmetrical, duplicate, error, pattern, beginner, pixelated, fake, hyper, glitch, overexposed",Realistic,,["Portrait Photography"],SDXL-IP0.35,SDXL-IP0.35
Halloween Cutie,halloweenIcon_SDXLIP_v0,1,halloweenIcon_SDXLIP_v0_embeddings,,"(white background:2), icon, Made of simple circles and squares, cartoon drawing, Simple, (cartoon:1.6), minimalist  styling, small model, No details, Q version,  easy, (Rich colors:1.4), (Simple drawing:1.8), Geometry,  children toy, game icon","(detail:2.0), number, chaotic structure, strange hands, strange shape, complex lines,  Scenes, face,  obvious light and shadow, detail, More than three colors, multiplepatterns, strange structure,signature, watermark, username, text, error, blurred edges, solid, lowquality, aliasing, distorted, blurry glossy, blur, jpeg artifacts, compression artifacts, poorly drawn, low-resolution, bad, twisted, excessive exaggerated pose, exaggerated limbs, grainy, duplicate, error beginner, fake, hyper, glitch ",Realistic,colossusProjectXLSFW,["LOGO Design"],SDXL-IP0.4,SDXL-IP0.4
Battlecraft,weaponIcon_SDXLIP_v0,0.9,weaponIcon_SDXLIP_v0_embeddings,,"(white background:2), icon, accurate styling, cartoon drawing, Simple, (cartoon:1.6), minimalist  styling, small model, No details, Q version,  easy, (Rich colors:1.4), (Smooth metallic texture:1.3), (Simple drawing:1.8), Geometry,  children toy, game icon, steel texture","(detail:2.0), number, chaotic structure, strange hands, strange shape, complex lines,  Scenes, face,  obvious light and shadow, detail, More than three colors, multiplepatterns, strange structure,signature, watermark, username, text, error, blurred edges, solid, lowquality, aliasing, distorted, blurry glossy, blur, jpeg artifacts, compression artifacts, poorly drawn, low-resolution, bad, twisted, excessive exaggerated pose, exaggerated limbs, grainy, duplicate, error beginner, fake, hyper, glitch ",Realistic,,["LOGO Design"],SDXL-IP0.3,SDXL-IP0.3
Monotone Vogue,colorfulMagazine_SDXLIP_v0,1,colorfulMagazine_SDXLIP_v0_ip_image_embeddings,Solid color background,"High brightness colors, A happy atmosphere, very detailed, High saturation, best quality, 4K","Low saturation color, Extra teeth, Not a solid color background, Watermark, blurred gaze, unreasonable pupils, blurred pupils, six fingers, unreasonable fingers, unreasonable face, blurred image, Narrow shoulders, Big head, perspective error, structural error, (nude:1.2), Breasts, nipples, exposed body, naked, Blurred edges, text, watermark, low-quality, signature, moiré pattern, downsampling, aliasing, distorted, blurry, glossy, blur, jpeg artifacts, compression artifacts, poorly drawn, low-resolution, bad, distortion, twisted, excessive, exaggerated pose, exaggerated limbs, grainy, symmetrical, duplicate, error, pattern, beginner, pixelated, fake, hyper, glitch, overexposed",Realistic,RealVisXL_V3.0,["Portrait Photography"],SDXL-IP0.35,SDXL-IP0.35
Film Narrative,emotionlessPhotography_SDXLIP_v0,1,emotionlessPhotography_SDXLIP_v0_ip_image_embeddings,"Best quality, high saturation, warm tones,","4k, Realistic, Advanced color matching, serious, retro","Smooth face, Non three-dimensional facial features, Blurred facial features, No sharpeness, puppet, Extra fingers, Low saturation color, smile, Watermark, blurred gaze, unreasonable pupils, blurred pupils, six fingers, anger, unreasonable fingers, unreasonable face, blurred image, Narrow shoulders, Big head, perspective error, structural error, (nude:1.2), Breasts, nipples, exposed body, naked, Blurred edges, text, watermark, low-quality, signature, moiré pattern, downsampling, aliasing, distorted, blurry, glossy, blur, jpeg artifacts, compression artifacts, poorly drawn, low-resolution, bad, distortion, twisted, excessive, exaggerated pose, exaggerated limbs, grainy, symmetrical, duplicate, error, pattern, beginner, pixelated, fake, hyper, glitch, overexposed",Realistic,,["Portrait Photography"],SDXL-IP0.25,SDXL-IP0.35
Vibrant Whimsy,childrenIllustration_SDXLIP_v0,1,childrenIllustration_SDXLIP_v0_ip_image_embeddings,,"Cartoon illustration, character illustration, character design style, brush stroke texture, childlike illustration style, animated character concept art, storybook illustration style, 2D game art style, in the style of 2d game art, naturalistic color palette","painting, redundant people, people, pastel, drawing, graphite, impressionism, noisy, blurry, stretched, soft, distorted, bad light, ugly, disfigured, realistic, anime, photography, cluttered, worst quality, low quality, signature, watermark, text, Poorly drawn hands, poorly drawn face, poor anatomy, poor proportions, extra limbs, cloned face, disfigurement, overall proportions, misshapen limbs, missing arms, missing legs",SDXL,,["Illustration Design"],SDXL-IP0.3,SDXL-IP0.3
Illustrative Nostalgia,classicIllustration_SDXLIP_v0,0.9,classicIllustration_SDXLIP_v0_ip_image_embeddings,,"high saturation color, sharpening, rich colors, Ultra high definition quality, Masterpiece, best quality, soft lighting, 4K, J. C. Leyendecker style, classic illustration, the right shape","Weird outfit combination, redundant people, Weird and inappropriate clothes, Disconnected lines, Excess limbs, three legs, Blurred edges, text, watermark, low-quality, signature, moiré pattern, downsampling, aliasing, distorted, blurry, glossy, blur, jpeg artifacts, compression artifacts, poorly drawn, low-resolution, bad, distortion, twisted, excessive, exaggerated pose, exaggerated limbs, grainy, symmetrical, duplicate, error, pattern, beginner, pixelated, fake, hyper, glitch, overexposed",Realistic,,["Illustration Design"],SDXL-IP0.2,SDXL-IP0.2
Linear Cartoon,colorDraftIllustration_SDXLIP_v0,1,colorDraftIllustration_SDXLIP_v0_ip_image_embeddings,solo,"(white background:2.0), all body, beautiful eyes,  accurate skin tone, Ultra high definition quality, Masterpiece, best quality, soft lighting, 4K, accurate skin tone","wrong shape, (watermark:1.8), Blurred edges, text, low-quality, signature, strange frown, Weird and inappropriate clothes, Disconnected lines, Excess limbs, three legs, Blurred edges, text, watermark, low-quality, signature, moiré pattern, downsampling, aliasing, distorted, blurry, glossy, blur, jpeg artifacts, compression artifacts, poorly drawn, low-resolution, bad, distortion, twisted, excessive, exaggerated pose, exaggerated limbs, grainy, symmetrical, duplicate, error, pattern, beginner, pixelated, fake, hyper, glitch, overexposed",Realistic,colossusProjectXLSFW,["Character Design"],SDXL-IP0.4,SDXL-IP0.4
Cute Exaggeration,pixar_SDXLIP_v0,1,pixar_SDXLIP_v0_ip_image_embeddings,"(pixar style:1.7), solo","(white background:2.0), ( full body:2), beautiful eyes,  high saturation color, beautiful eyes,  Ultra high definition quality, best quality, soft lighting, 4K,  exact proportions, normal proportions, accurate expression, Place it in a centered position.","(watermark:1.8), small eyes,  wrong human proportions, wrong limbs, (Wrinkled brows on the face:1.2), (strange expression:1.3), strange frown, Weird and inappropriate clothes, Disconnected lines, Excess limbs, three legs, Blurred edges, text, watermark, low-quality, signature, moiré pattern, downsampling, aliasing, distorted, blurry, glossy, blur, jpeg artifacts, compression artifacts, poorly drawn, low-resolution, bad, distortion, twisted, excessive, exaggerated pose, exaggerated limbs, grainy, symmetrical, duplicate, error, pattern, beginner, pixelated, fake, hyper, glitch, overexposed",Realistic,colossusProjectXLSFW,["Character Design"],SDXL-IP0.3,SDXL-IP0.3
Vivacious Figurine,avatarIcon_SDXLIP_v0,1,avatarIcon_SDXLIP_v0_ip_image_embeddings,front,"(bright white background:2.0), Avatar, (hair texture:1.7), appropriate avatar composition, (bright colors:1.2), smile, clay material, Accurate color, Delicate texture, perfect design,  perfect composition, masterpiece, high quality, best quality, realistic, best picture quality,  high detail, high resolution, 4K,  accurate expression,","(gray background:2.0),(black background:2.0) wrong hair color, Wrong clothes, Wrong color combination, black background, strange hairstyle, body, strange skin color,  signature, watermark, username, text, error, blurred edges, solid, low-quality, aliasing, distorted, blurry, glossy, blur, jpeg artifacts, compression artifacts, poorly drawn, low-resolution, bad, twisted, excessive, exaggerated pose, exaggerated limbs, grainy, duplicate, error, beginner, fake, hyper, glitch,  overexposed, monochrome, skin spots, skin blemishe, mutated hands, blurry",Realistic,colossusProjectXLSFW,["Character Design"],SDXL-IP0.4,SDXL-IP0.4
Studio Portrait,studioPortraitPhotography_SDXLIP_v1,1,studioPortraitPhotography_SDXLIP_v1_ip_image_embeddings,"(Solid color background:1.1), soft light, studio lighting","exquisite and beautiful face, best quality, Masterpiece, 4K","buck teeth, perspective error, structural error, (nude:1.2), Breasts, nipples, exposed body, naked, Blurred edges, text, watermark, low-quality, signature, moiré pattern, downsampling, aliasing, distorted, blurry, glossy, blur, jpeg artifacts, compression artifacts, poorly drawn, low-resolution, bad, distortion, twisted, excessive, exaggerated pose, exaggerated limbs, grainy, symmetrical, duplicate, error, pattern, beginner, pixelated, fake, hyper, glitch, overexposed",Realistic,colossusProjectXLSFW,["Portrait Photography"],SDXL-IP0.4,SDXL-IP0.2
Linear Vivacity,role_SDXLIP_v0,1,role_SDXLIP_v0_ip_image_embeddings,"solo,"," (white background:2.0) , (all body:1.8), beautiful eyes, (shoe:0.4),  Ultra high definition quality, Masterpiece, best quality, soft lighting, 4K, accurate skin tone, (white skin:0.3), Clean lines, pretty face","(black skin:0.4), wrong shape, (watermark:1.8), Blurred edges, text, low-quality, signature, strange frown, Weird and inappropriate clothes, Disconnected lines, Excess limbs, three legs, Blurred edges, text, watermark, low-quality, signature, moiré pattern, downsampling, aliasing, distorted, blurry, glossy, blur, jpeg artifacts, compression artifacts, poorly drawn, low-resolution, bad, distortion, twisted, excessive, exaggerated pose, exaggerated limbs, grainy, symmetrical, duplicate, error, pattern, beginner, pixelated, fake, hyper, glitch, overexposed",Realistic,colossusProjectXLSFW,["Character Design"],SDXL-IP0.4,SDXL-IP0.4
Vivid Stylization,azamat_SDXLIP_v0,1,azamat_SDXLIP_v0_ip_image_embeddings,"solo object, (pure white background:2.0),   full body, shoe, ","beautiful eyes,  Ultra high definition quality, Masterpiece, best quality, soft lighting, 4K, accurate skin tone, Character design, At the center of the screen","Wrong skin color, wrong shape, Strange posture, (watermark:1.8), multiple , (gray background:1.6),  Blurred edges, text, low-quality, signature, strange frown, Weird and inappropriate clothes, Disconnected lines, Excess limbs, three legs, Blurred edges, text, watermark, low-quality, signature, moiré pattern, downsampling, aliasing, distorted, blurry, glossy, blur, jpeg artifacts, compression artifacts, poorly drawn, low-resolution, bad, distortion, twisted, excessive, exaggerated pose, exaggerated limbs, grainy, symmetrical, duplicate, error, pattern, beginner, pixelated, fake, hyper, glitch, overexposed",Realistic,colossusProjectXLSFW,["Character Design"],SDXL-IP0.4,SDXL-IP0.4
Storytime Whimsy,ame_SDXLIP_v0,1,ame_SDXLIP_v0_ip_image_embeddings,"signle , ( white background:2), Standing posture,"," character illustration, A small body, character design style, brush stroke texture, childlike illustration style, animated character concept art, storybook illustration style,  naturalistic color palette, ","Other colors background, Wrong limbs, The Extra Man, Strange weapon, Untimely accessories, Wrong skin color, wrong shape, Strange posture, (watermark:1.8), multiple , (gray background:1.6),  Blurred edges, text, low-quality, signature, strange frown, Weird and inappropriate clothes, Disconnected lines, Excess limbs, three legs, Blurred edges, text, watermark, low-quality, signature, moiré pattern, downsampling, aliasing, distorted, blurry, glossy, blur, jpeg artifacts, compression artifacts, poorly drawn, low-resolution, bad, distortion, twisted, excessive, exaggerated pose, exaggerated limbs, grainy, symmetrical, duplicate, error, pattern, beginner, pixelated, fake, hyper, glitch, overexposed",Realistic,colossusProjectXLSFW,["Character Design"],SDXL-IP0.3,SDXL-IP0.3
Dreamlike Portraiture,dreamPhotography_SDXLIP_v0,1,dreamPhotography_SDXLIP_v0_ip_image_embeddings,Soft lighting,"best quality, 4k, Realistic, surrealist: dreamlike imagery, valentine penrose, Oil painting sense, dreamy","Exposure, Blurry Eyes, smooth face, watermark, Non three-dimensional facial features, Blurred facial features, No sharpeness, puppet, Extra fingers, Low saturation color, smile, Watermark, blurred gaze, unreasonable pupils, blurred pupils, six fingers, anger, unreasonable fingers, unreasonable face, blurred image, Narrow shoulders, Big head, perspective error, structural error, (nude:1.2), Breasts, nipples, exposed body, naked, Blurred edges, text, watermark, low-quality, signature, moiré pattern, downsampling, aliasing, distorted, blurry, glossy, blur, jpeg artifacts, compression artifacts, poorly drawn, low-resolution, bad, distortion, twisted, excessive, exaggerated pose, exaggerated limbs, grainy, symmetrical, duplicate, error, pattern, beginner, pixelated, fake, hyper, glitch, overexposed",Realistic,colossusProjectXLSFW,["Portrait Photography"],SDXL-IP0.35,SDXL-IP0.35
Line & Wash,vintageIllustration_SDXLIP_v0,1,vintageIllustration_SDXLIP_v0_ip_image_embeddings," (light tone:1.1), (Printmaking:0.5), (pen pastels:0.8), ","line art, line style, masterpiece, best quality","moon, bad face, bad hands, extra person, person, graphite, noisy, blurry, stretched, soft, distorted, bad light, ugly, disfigured, realistic, anime, photography, clutter, worst quality, low quality, signature, Watermark, text, poorly drawn hand, poorly drawn elongated face, poor anatomy, poor proportions, extra limbs, cloned face, disfigurement, overall proportions, misshapen limbs, missing arms, missing legs",Realistic,colossusProjectXLSFW,["Illustration Design"],SDXL-IP0.3,SDXL-IP0.3
Felted Charm,feltElement_SDXLIP_v0,1,feltElement_SDXLIP_v0_ip_image_embeddings,"(Solid color background:1.3), (Felt material:1.5), soft lighting","best quality, Masterpiece, 4K, high resolution","perspective error, structural error, (nude:1.2), Breasts, nipples, exposed body, naked, Blurred edges, text, watermark, low-quality, signature, moiré pattern, downsampling, aliasing, distorted, blurry, glossy, blur, jpeg artifacts, compression artifacts, poorly drawn, low-resolution, bad, distortion, twisted, excessive, exaggerated pose, exaggerated limbs, grainy, symmetrical, duplicate, error, pattern, beginner, pixelated, fake, hyper, glitch, overexposed",Realistic,,["LOGO Design"],SDXL-IP0.65,SDXL-IP0.35
Makeup Vanguard,makeupMagazine_SDXLIP_v1,1,makeupMagazine_SDXLIP_v1_ip_image_embeddings,"(Half body photo:1.1), (Creative makeup:1.3), soft lighting","best quality, Masterpiece, 4K, high resolution","(hair appear on the face:2.0), (Short face:1.3), perspective error, structural error, (nude:1.2), Breasts, nipples, exposed body, naked, Blurred edges, text, watermark, low-quality, signature, moiré pattern, downsampling, aliasing, distorted, blurry, glossy, blur, jpeg artifacts, compression artifacts, poorly drawn, low-resolution, bad, distortion, twisted, excessive, exaggerated pose, exaggerated limbs, grainy, symmetrical, duplicate, error, pattern, beginner, pixelated, fake, hyper, glitch, overexposed",Realistic,colossusProjectXLSFW,["Portrait Photography"],SDXL-IP0.55,SDXL-IP0.2
Kiddie Palette,childrensDrawing_SDXLIP_v0,1,childrensDrawing_SDXLIP_v0_ip_image_embeddings,Children's simple strokes," (white background:1.2), best quality, Masterpiece, 4K, high resolution","(rouge:1.2), green face, blue face, (text:1.3), (watermark:1.3), perspective error, structural error, (nude:1.2), Breasts, nipples, exposed body, naked, Blurred edges, low-quality, signature, moiré pattern, downsampling, aliasing, distorted, blurry, glossy, blur, jpeg artifacts, compression artifacts, poorly drawn, low-resolution, bad, distortion, twisted, excessive, exaggerated pose, exaggerated limbs, grainy, symmetrical, duplicate, error, pattern, beginner, pixelated, fake, hyper, glitch, overexposed",Realistic,,["Illustration Design"],SDXL-IP0.55,SDXL-IP0.4
Cartoon Anime,2dCartoonAnime_SDXLIP_v0,1,2dCartoonAnime_SDXLIP_v0_ip_image_embeddings,,"(solid background:2.0), all body, Ultra high definition quality, Masterpiece, best quality, soft lighting, 4K, accurate skin tone","wrong shape, (watermark:1.8), Blurred edges, text, low-quality, signature, strange frown, Weird and inappropriate clothes, Disconnected lines, Excess limbs, three legs, Blurred edges, text, watermark, low-quality, signature, moiré pattern, downsampling, aliasing, distorted, blurry, glossy, blur, jpeg artifacts, compression artifacts, poorly drawn, low-resolution, bad, distortion, twisted, excessive, exaggerated pose, exaggerated limbs, grainy, symmetrical, duplicate, error, pattern, beginner, pixelated, fake, hyper, glitch, overexposed, mutated hands(poorly drawn hands: 1.5), blurry, (bad anatomy:1.21), (bad proportions:1.331), extra limbs, (disfigured:1.331), (missingarms:1.331), (extra legs: 1.331), (fused fingers:1.61051), (too many fingers:1.61051), (unclear eyes: 1.331), lowers, bad hands missing fingers, extra digit, bad hands, missing fingers, (((extra arms and legs))),figurative facial features",SDXL,,["Character Design"],SDXL-IP0.5,SDXL-IP0.2
Commercial Portrait,commercialPortrait_SDXLIP_v1,1,commercialPortrait_SDXLIP_v1_ip_image_embeddings,"(Ultra high definition portrait:1.3), (Real skin texture:1.1), (Clear and visible pores:1.2), studio lighting","best quality, depth of field, Masterpiece, 4K, high resolution  ","dermabrasion, Narrow shoulders, Big head, perspective error, structural error, (nude:1.2), Breasts, nipples, exposed body, naked, Blurred edges, text, watermark, low-quality, signature, moiré pattern, downsampling, aliasing, distorted, blurry, glossy, blur, jpeg artifacts, compression artifacts, poorly drawn, low-resolution, bad, distortion, twisted, excessive, exaggerated pose, exaggerated limbs, grainy, symmetrical, duplicate, error, pattern, beginner, pixelated, fake, hyper, glitch, overexposed",Realistic,colossusProjectXLSFW,["Portrait Photography"],SDXL-IP0.5,SDXL-IP0.35
Luminous Portraiture,lightPortraitPhotography_SDXLIP_v0,1,lightPortraitPhotography_SDXLIP_v0_ip_image_embeddings,,"best quality, 4k, Realistic, vivid, clarity, Professional lighting photography, colorful lighting","Unreasonable lighting, Exposure, Blurry Eyes, watermark, smooth face, Non three-dimensional facial features, Blurred facial features, No sharpeness, puppet, Extra fingers, Low saturation color, Watermark, blurred gaze, unreasonable pupils, blurred pupils, six fingers, anger, unreasonable fingers, unreasonable face, blurred image, Narrow shoulders, Big head, perspective error, structural error, (nude:1.2), Breasts, nipples, exposed body, naked, Blurred edges, text, watermark, low-quality, signature, moiré pattern, downsampling, aliasing, distorted, blurry, glossy, blur, jpeg artifacts, compression artifacts, poorly drawn, low-resolution, bad, distortion, twisted, excessive, exaggerated pose, exaggerated limbs, grainy, symmetrical, duplicate, error, pattern, beginner, pixelated, fake, hyper, glitch, overexposed",Realistic,colossusProjectXLSFW,["Portrait Photography"],SDXL-IP0.5,SDXL-IP0.35
Fantasy Hero,asianComics_SDXLIP_v0,1,asianComics_SDXLIP_v0_ip_image_embeddings,,"full body, staring camera, eyes are bright, white background, game character, single character, masterpiece, extremely detailed face, extremely detailed clothing, fantasy, saturation, most detailed, 4K, highest resolution, best quality","Black background, bad eyes, wrong weapon shape, bad face, gray background, worst quality, low quality, monochrome, watermark, text, bad anatomy, bad hands, bad drawing hand, extra hand, extra fingers, too many fingers, fused fingers, bad arm, twisted arm, extra arm, fused arm, extra leg, missing leg, disembodied leg, separate Arms, liquid hands, inverted hands, disembodied limbs, oversized head, extra body, extra belly button, long neck",Realistic,colossusProjectXLSFW,["Character Design"],SDXL-IP0.25,SDXL-IP0.25
Serene Nature,surrealStaticPainting_SDXLIP_v0,1,surrealStaticPainting_SDXLIP_v0_ip_image_embeddings,,"ultrafine detail, hyper-realistic illustrations, american iconography, debbie criswell, calming symmetry, large-scale canvas, ultrafine detail, debbie, Plan Illustration","Blurry Eyes, Unreasonable house structure, Blurred facial features, watermark, puppet, Extra fingers, blurred gaze, unreasonable pupils, blurred pupils, six fingers, anger, unreasonable fingers, unreasonable face, blurred image, Narrow shoulders, Big head, perspective error, structural error, (nude:1.2), Breasts, nipples, exposed body, naked, Blurred edges, text, watermark, low-quality, signature, moiré pattern, downsampling, aliasing, distorted, blurry, glossy, blur, jpeg artifacts, compression artifacts, poorly drawn, low-resolution, bad, distortion, twisted, excessive, exaggerated pose, exaggerated limbs, error, pattern, beginner, pixelated, fake, hyper, glitch, overexposed",Realistic,colossusProjectXLSFW,["Illustration Design"],SDXL-IP0.5,SDXL-IP0.25
Joyful Playthings,toyIcon_SDXLIPHP_v0,1,toyIcon_SDXLIPHP_v0_ip_image_embeddings,(solid color background:1.8),"icon, best quality, Masterpiece, 4K, high resolution","perspective error, structural error, (nude:1.2), Breasts, nipples, exposed body, naked, Blurred edges, text, watermark, low-quality, signature, moiré pattern, downsampling, aliasing, distorted, blurry, glossy, blur, jpeg artifacts, compression artifacts, poorly drawn, low-resolution, bad, distortion, twisted, excessive, exaggerated pose, exaggerated limbs, grainy, symmetrical, duplicate, error, pattern, beginner, pixelated, fake, hyper, glitch, overexposed",Realistic,colossusProjectXLSFW,["LOGO Design"],SDXL-HPIP0.55,SDXL-HPIP0.3
Playful Seaside,beachHolidayIcon_SDXLIPHP_v0,1,beachHolidayIcon_SDXLIPHP_v0_ip_image_embeddings,(solid color background:1.5),"icon, best quality, Masterpiece, 4K, high resolution","perspective error, structural error, (nude:1.2), Breasts, nipples, exposed body, naked, Blurred edges, text, watermark, low-quality, signature, moiré pattern, downsampling, aliasing, distorted, blurry, glossy, blur, jpeg artifacts, compression artifacts, poorly drawn, low-resolution, bad, distortion, twisted, excessive, exaggerated pose, exaggerated limbs, grainy, symmetrical, duplicate, error, pattern, beginner, pixelated, fake, hyper, glitch, overexposed",Realistic,colossusProjectXLSFW,["LOGO Design"],SDXL-IP0.55,SDXL-IP0.35
Chromatic Vibrance,whimsy_SDXLIPHP_v0,1,whimsy_SDXLIPHP_v0_ip_image_embeddings,,"high saturation color, best quality, Masterpiece, 4K, high resolution","Short line, bad line, perspective error, structural error, (nude:1.2), Breasts, nipples, exposed body, naked, Blurred edges, text, watermark, low-quality, signature, moiré pattern, downsampling, aliasing, distorted, blurry, glossy, blur, jpeg artifacts, compression artifacts, poorly drawn, low-resolution, bad, distortion, twisted, excessive, exaggerated pose, exaggerated limbs, grainy, symmetrical, duplicate, error, pattern, beginner, pixelated, fake, hyper, glitch, overexposed",Realistic,colossusProjectXLSFW,["Illustration Design"],SDXL-HPIP0.55,SDXL-HPIP0.35
Mystical Sovereignty,wushen_SDXLIPHP_V0,0.4,wushen_SDXLIPHP_V0_ip_image_embeddings,"(pure white background:2.0), "," full body, Game art style, Ultra high definition quality, Game Characters, Exquisite texture, Masterpiece, best quality, 4K, accurate skin tone,, At the center of the screen, (Oil Painting:0.5),  Uniform color tone of clothing, "," wrong weapon shape, wrong eyes, gray background, worst quality, low quality, monochrome, watermark, text, bad anatomy, bad hands, bad drawing hand, extra hand, extra fingers, too many fingers, fused fingers, bad arm, twisted arm, extra arm, fused arm, extra leg, missing leg, disembodied leg, separate Arms, liquid hands, inverted hands, disembodied limbs, oversized head, extra body, extra belly button, long neck",Realistic,colossusProjectXLSFW,["Character Design"],SDXL-HPIP0.2,SDXL-HPIP0.2
Ethereal Enchantments,flatLighting_SDXLIPHP_v0,1,flatLighting_SDXLIPHP_v0_ip_image_embeddings,,"High saturation color, rich colors, Ultra high definition quality, Masterpiece, best quality, soft lighting, 4K",no,SDXL,,["Illustration Design"],SDXL-HPIP0.35,SDXL-HPIP0.35
Nouveau Classic,muchaIllustrations_SDXLIPHP_v0,0.7,muchaIllustrations_SDXLIPHP_v0_ip_image_embeddings,,"(low saturation:0.8), vintage, (light tone:1.1), (Printmaking:0.5), (pen pastels:0.8), line art, line style,Neoclassicism, detailed art, masterpiece, best quality","(bad face:1.7), bad hands, extra person, person, graphite, noisy, blurry, stretched, soft, distorted, bad light, ugly, disfigured, realistic, anime, photography, clutter, worst quality, low quality, signature, Watermark, text, poorly drawn hand, poorly drawn elongated face, poor anatomy, poor proportions, extra limbs, cloned face, disfigurement, overall proportions, misshapen limbs, missing arms, missing legs",Realistic,colossusProjectXLSFW,["Illustration Design"],SDXL-HPIP0.2,SDXL-HPIP0.2
Apocalyptic Photography,apocalyptic_SDXLIPHP_v0,1,apocalyptic_SDXLIPHP_v0_ip_image_embeddings,,"Rich colors, Ultra high definition quality, Masterpiece, best quality, soft lighting, 4K ","Unreasonable fingers, Multiple fingers, bad fingers, bad face, text, watermark, low-quality, signature, moiré pattern, downsampling, aliasing, distorted, blurry, glossy, blur, jpeg artifacts, compression artifacts, poorly drawn, low-resolution, bad, distortion, twisted, excessive, exaggerated pose, exaggerated limbs, grainy, symmetrical, duplicate, error, pattern, beginner, pixelated, fake, hyper, glitch, overexposed",SDXL,,["Illustration Design"],SDXL-HPIP0.4,SDXL-HPIP0.35
Tropical Pop,tropicalStyle_SDXLIPHP_v0,0.8,tropicalStyle_SDXLIPHP_v0_ip_image_embeddings,(white background:2.0)," logo, Vector illustration, tropical, detailed composition, in the style of pop art cartoons, realistic, high contrast, color intensity, pop art cartoon style, classic tattoo pattern, hand coloring, color comics, cartoon composition style, strong graphic elements, cartoon realism, high quality photo , graphic illustrations","(Black background:1.8), (bad face:1.7), Palm tree, bad hands, extra person, person, graphite, noisy, blurry, stretched, soft, distorted, bad light, ugly, disfigured, realistic, anime, photography, clutter, worst quality, low quality, signature, Watermark, text, poorly drawn hand, poorly drawn elongated face, poor anatomy, poor proportions, extra limbs, cloned face, disfigurement, overall proportions, misshapen limbs, missing arms, missing legs",Realistic,,["Illustration Design"],SDXL-HPIP0.2,SDXL-HPIP0.2
Pure Easiness,conciseIcon_SDXLIPHP_v0,1,conciseIcon_SDXLIPHP_v0_ip_image_embeddings,"(solid color background:1.5), (white background:1.5)","icon, best quality, Masterpiece, 4K, high resolution","perspective error, structural error, (nude:1.2), Breasts, nipples, exposed body, naked, Blurred edges, text, watermark, low-quality, signature, moiré pattern, downsampling, aliasing, distorted, blurry, glossy, blur, jpeg artifacts, compression artifacts, poorly drawn, low-resolution, bad, distortion, twisted, excessive, exaggerated pose, exaggerated limbs, grainy, symmetrical, duplicate, error, pattern, beginner, pixelated, fake, hyper, glitch, overexposed",Realistic,colossusProjectXLSFW,["LOGO Design"],SDXL-HPIP0.55,SDXL-HPIP0.5
Flamenco Dance,colorfulRhythm_SDXLIPHP_v0,1,colorfulRhythm_SDXLIPHP_v0_ip_image_embeddings,High saturation color,"Rich colors, Ultra high definition quality, Masterpiece, best quality, soft lighting, 4K","Broken hands and feet, Unreasonable fingers, Broken wires, perspective error, structural error, (nude:1.2), Breasts, nipples, exposed body, naked, Blurred edges, Blurred edges, text, watermark, low-quality, signature, moiré pattern, downsampling, aliasing, distorted, blurry, glossy, blur, jpeg artifacts, compression artifacts, poorly drawn, low-resolution, bad, distortion, twisted, excessive, exaggerated pose, exaggerated limbs, grainy, symmetrical, duplicate, error, pattern, beginner, pixelated, fake, hyper, glitch, overexposed, repeat",SDXL,,["Illustration Design"],SDXL-HPIP0.5,SDXL-HPIP0.4
Innocent Cutie,joyfulCartoon_SDXLIPHP_v0,1,joyfulCartoon_SDXLIPHP_v0_ip_image_embeddings,," high saturation color, rich colors, Ultra high definition quality,  best quality, soft lighting, 4K ","Multiple fingers, bad fingers, bad face,Blurred edges, text, watermark, low-quality, signature, moiré pattern, downsampling, aliasing, distorted, blurry, glossy, blur, jpeg artifacts, compression artifacts, poorly drawn, low-resolution, bad, distortion, twisted, excessive, exaggerated pose, exaggerated limbs, grainy, symmetrical, duplicate, error, pattern, beginner, pixelated, fake, hyper, glitch, overexposed",SDXL,,["Illustration Design"],SDXL-HPIP0.4,SDXL-HPIP0.35
Gothic Punk,punkStyle_SDXLIPHP_v0,0.9,punkStyle_SDXLIP_v0_ip_image_embeddings,,"Ultra high definition quality, Masterpiece, soft lighting, 4K","(White background:1.8), (bad face:1.7), Palm tree, bad hands, extra person, person, graphite, noisy, blurry, stretched, soft, distorted, bad light, ugly, disfigured, realistic, anime, photography, clutter, worst quality, low quality, signature, Watermark, text, poorly drawn hand, poorly drawn elongated face, poor anatomy, poor proportions, extra limbs, cloned face, disfigurement, overall proportions, misshapen limbs, missing arms, missing legs",Realistic,colossusProjectXLSFW,["Illustration Design"],SDXL-HPIP0.4,SDXL-HPIP0.4
